{
  "version": 1,
  "author": "Anonymous maker",
  "editor": "wokwi",
  "parts": [
    {
      "type": "wokwi-breadboard",
      "id": "bb1",
      "top": -137.8,
      "left": -205.6,
      "rotate": 180,
      "attrs": {}
    },
    { "type": "wokwi-arduino-mega", "id": "uno", "top": 96.6, "left": -118.8, "attrs": {} },
    {
      "type": "wokwi-dht22",
      "id": "dht1",
      "top": -134.1,
      "left": 148.2,
      "attrs": { "humidity": "58.5", "temperature": "25.2" }
    },
    { "type": "wokwi-potentiometer", "id": "pot1", "top": -154.9, "left": -105.8, "attrs": {} },
    {
      "type": "wokwi-text",
      "id": "text1",
      "top": -182.4,
      "left": -115.2,
      "attrs": { "text": "Air Quality" }
    },
    {
      "type": "wokwi-text",
      "id": "text2",
      "top": -451.2,
      "left": -19.2,
      "attrs": { "text": "Information display" }
    },
    {
      "type": "wokwi-photoresistor-sensor",
      "id": "ldr1",
      "top": -173.1,
      "left": 234.5,
      "rotate": 90,
      "attrs": {}
    },
    {
      "type": "wokwi-pushbutton-6mm",
      "id": "btn1",
      "top": -47,
      "left": 215.2,
      "rotate": 90,
      "attrs": { "color": "green", "xray": "1", "bounce": "0" }
    },
    {
      "type": "wokwi-text",
      "id": "text4",
      "top": -211.2,
      "left": 124.8,
      "attrs": { "text": "External\nTemperature &\nHumidity sensor" }
    },
    {
      "type": "wokwi-text",
      "id": "text5",
      "top": -307.2,
      "left": 278.4,
      "attrs": { "text": "Illumination\nlevel sensor" }
    },
    {
      "type": "wokwi-potentiometer",
      "id": "pot2",
      "top": 161.9,
      "left": 316.6,
      "rotate": 90,
      "attrs": {}
    },
    {
      "type": "wokwi-slide-potentiometer",
      "id": "pot3",
      "top": 432.2,
      "left": -346.2,
      "rotate": 180,
      "attrs": { "travelLength": "100" }
    },
    { "type": "wokwi-junction", "id": "j1", "top": 206.4, "left": 273.6, "attrs": {} },
    {
      "type": "wokwi-text",
      "id": "text6",
      "top": 432,
      "left": -182.4,
      "attrs": { "text": "Wind Speed" }
    },
    {
      "type": "wokwi-text",
      "id": "text7",
      "top": 192,
      "left": 412.8,
      "attrs": { "text": "Wind Direction" }
    },
    {
      "type": "wokwi-lcd2004",
      "id": "lcd2",
      "top": -425.6,
      "left": -100,
      "attrs": { "pins": "i2c" }
    },
    {
      "type": "wokwi-dht22",
      "id": "dht2",
      "top": -134.1,
      "left": 4.2,
      "attrs": { "temperature": "25.3" }
    },
    {
      "type": "wokwi-text",
      "id": "text8",
      "top": -201.6,
      "left": -19.2,
      "attrs": { "text": "Internal\nTemperature &\nHumidity sensor" }
    },
    { "type": "wokwi-servo", "id": "servo1", "top": -107.6, "left": 585.6, "attrs": {} },
    { "type": "wokwi-servo", "id": "servo2", "top": 74.8, "left": 700.8, "attrs": {} },
    {
      "type": "wokwi-text",
      "id": "text9",
      "top": -105.6,
      "left": 720,
      "attrs": { "text": "Servo enfriar pin 8" }
    },
    {
      "type": "wokwi-text",
      "id": "text10",
      "top": 163.2,
      "left": 585.6,
      "attrs": { "text": "Servo calentar pin 12" }
    },
    {
      "type": "wokwi-text",
      "id": "text11",
      "top": -144,
      "left": 652.8,
      "attrs": { "text": "Close " }
    },
    {
      "type": "wokwi-text",
      "id": "text12",
      "top": 19.2,
      "left": 662.4,
      "attrs": { "text": "Open" }
    },
    {
      "type": "wokwi-text",
      "id": "text13",
      "top": 57.6,
      "left": 768,
      "attrs": { "text": "Close " }
    },
    {
      "type": "wokwi-text",
      "id": "text14",
      "top": 211.2,
      "left": 777.6,
      "attrs": { "text": "Open" }
    },
    {
      "type": "board-ssd1306",
      "id": "oled1",
      "top": 166.34,
      "left": -278.17,
      "attrs": { "i2cAddress": "0x3c" }
    },
    {
      "type": "wokwi-ir-receiver",
      "id": "ir1",
      "top": 286.75,
      "left": 507.18,
      "rotate": 180,
      "attrs": {}
    },
    { "type": "wokwi-ir-remote", "id": "remote1", "top": 441.6, "left": 480, "attrs": {} }
  ],
  "connections": [
    [ "uno:5V", "bb1:tp.50", "red", [ "v19.1", "h-256.2" ] ],
    [ "bb1:20t.a", "uno:2", "limegreen", [ "v57.6", "h-61.7" ] ],
    [ "bb1:22t.a", "bb1:tn.17", "black", [ "v0" ] ],
    [ "bb1:25t.a", "bb1:tn.20", "black", [ "v0" ] ],
    [ "bb1:27t.a", "uno:5", "green", [ "v57.6", "h-28.8" ] ],
    [ "uno:GND.3", "bb1:tn.1", "black", [ "v28.7", "h301.6" ] ],
    [ "bb1:10b.f", "bb1:10t.e", "red", [ "v0" ] ],
    [ "bb1:10t.a", "bb1:tp.7", "red", [ "v0" ] ],
    [ "bb1:11b.f", "bb1:11t.e", "black", [ "v28.8" ] ],
    [ "bb1:11t.a", "bb1:tn.8", "black", [ "v0" ] ],
    [ "bb1:13b.f", "bb1:13t.e", "white", [ "v0" ] ],
    [ "uno:A1", "bb1:13t.a", "white", [ "v38.3", "h147.9" ] ],
    [ "uno:A0", "bb1:52t.a", "white", [ "v38.3", "h-245.8" ] ],
    [ "bb1:52b.f", "bb1:52t.e", "white", [ "v0" ] ],
    [ "bb1:52b.h", "pot1:SIG", "green", [ "v0" ] ],
    [ "pot1:VCC", "bb1:51b.h", "red", [ "v0" ] ],
    [ "bb1:51b.f", "bb1:51t.e", "red", [ "v0" ] ],
    [ "bb1:51t.a", "bb1:tp.41", "red", [ "v38.4" ] ],
    [ "pot1:GND", "bb1:53b.h", "black", [ "v0" ] ],
    [ "bb1:53b.f", "bb1:53t.e", "black", [ "v0" ] ],
    [ "bb1:53t.a", "bb1:tn.43", "black", [ "v0" ] ],
    [ "bb1:tn.2", "bb1:2t.a", "black", [ "v-19.1", "h20" ] ],
    [ "bb1:6t.a", "bb1:tn.4", "black", [ "v0" ] ],
    [ "pot3:SIG", "uno:A2", "white", [ "h0" ] ],
    [ "pot3:VCC", "bb1:tp.12", "red", [ "h0" ] ],
    [ "pot3:GND", "bb1:tn.50", "black", [ "h-9.4", "v-345.7" ] ],
    [ "pot2:GND", "bb1:tn.11", "black", [ "h-26.5", "v-56.5" ] ],
    [ "pot2:SIG", "uno:A3", "white", [ "h-84.1", "v144.7", "h-57.6" ] ],
    [ "j1:J", "pot2:VCC", "red", [ "v0" ] ],
    [ "lcd2:GND", "bb1:tn.49", "black", [ "h0" ] ],
    [ "lcd2:VCC", "bb1:tp.48", "red", [ "h0" ] ],
    [ "bb1:28t.a", "bb1:tp.22", "red", [ "v0" ] ],
    [ "bb1:43t.a", "bb1:tp.35", "red", [ "v0" ] ],
    [ "bb1:40t.a", "bb1:tn.32", "black", [ "v0" ] ],
    [ "bb1:42t.a", "uno:7", "green", [ "v57.6", "h102" ] ],
    [ "servo1:GND", "bb1:tn.5", "black", [ "h-28.8", "v57.6", "h-192.8" ] ],
    [ "servo1:V+", "bb1:tp.5", "red", [ "v105.7", "h-221.6" ] ],
    [ "uno:8", "servo1:PWM", "green", [ "v-9.6", "h470.8" ] ],
    [ "servo2:GND", "bb1:tn.6", "black", [ "h0" ] ],
    [ "servo2:V+", "bb1:tp.6", "red", [ "h0" ] ],
    [ "servo2:PWM", "uno:12", "green", [ "h0" ] ],
    [ "oled1:GND", "bb1:tn.47", "black", [ "v-115.2", "h114.4" ] ],
    [ "oled1:VCC", "bb1:tp.47", "red", [ "v-86.4", "h104.95" ] ],
    [ "lcd2:SCL", "bb1:62t.e", "green", [ "h0" ] ],
    [ "lcd2:SDA", "bb1:63t.e", "green", [ "h0" ] ],
    [ "uno:21", "bb1:62t.d", "green", [ "v0" ] ],
    [ "uno:20", "bb1:63t.d", "green", [ "v0" ] ],
    [ "oled1:SDA", "bb1:63t.a", "green", [ "v-153.6", "h28.87" ] ],
    [ "oled1:SCL", "bb1:62t.a", "green", [ "v0" ] ],
    [ "dht1:VCC", "bb1:28t.e", "", [ "$bb" ] ],
    [ "dht1:SDA", "bb1:27t.e", "", [ "$bb" ] ],
    [ "dht1:NC", "bb1:26t.e", "", [ "$bb" ] ],
    [ "dht1:GND", "bb1:25t.e", "", [ "$bb" ] ],
    [ "pot1:GND", "bb1:53b.j", "", [ "$bb" ] ],
    [ "pot1:SIG", "bb1:52b.j", "", [ "$bb" ] ],
    [ "pot1:VCC", "bb1:51b.j", "", [ "$bb" ] ],
    [ "ldr1:VCC", "bb1:10b.g", "", [ "$bb" ] ],
    [ "ldr1:GND", "bb1:11b.g", "", [ "$bb" ] ],
    [ "ldr1:DO", "bb1:12b.g", "", [ "$bb" ] ],
    [ "ldr1:AO", "bb1:13b.g", "", [ "$bb" ] ],
    [ "btn1:1.l", "bb1:20b.f", "", [ "$bb" ] ],
    [ "btn1:2.l", "bb1:22b.f", "", [ "$bb" ] ],
    [ "btn1:1.r", "bb1:20t.e", "", [ "$bb" ] ],
    [ "btn1:2.r", "bb1:22t.e", "", [ "$bb" ] ],
    [ "dht2:VCC", "bb1:43t.e", "", [ "$bb" ] ],
    [ "dht2:SDA", "bb1:42t.e", "", [ "$bb" ] ],
    [ "dht2:NC", "bb1:41t.e", "", [ "$bb" ] ],
    [ "dht2:GND", "bb1:40t.e", "", [ "$bb" ] ],
    [ "uno:6", "ir1:DAT", "magenta", [ "v297.6", "h408.4", "v-115.3" ] ],
    [ "ir1:GND", "bb1:tn.3", "black", [ "h0.16", "v-288", "h-164" ] ],
    [ "ir1:VCC", "bb1:tp.2", "red", [ "v-57.5", "h-76.8", "v-172.9", "h-67.84" ] ]
  ],
  "dependencies": {}
}